Name,Email,Timestamp
"JAI ankola","josbahu@gmail.com",1742284405824
"JAI ankola","babaramdev@gmail.com",1742284470130
"asdaasda","guutuhai@gmail.com",1742284535364
"lax","doctorprasad@gmail.com",1742284645306
"JAI ankola","babaramdev@gmail.com",1742284786028
"lax","gitanjali@gmail.com",1742284881233
"JAI ankola","doctorprasad@gmail.com",1742285057362
"vzxcvzxc","guutuhai@gmail.com",1742285300647
"vzxcvzxc","doctorprasad@gmail.com",1742285604909
"lax","laxmeshankola@gmail.com",1742285910965
"vzxcvzxc","matapita@gmail.com",1742317267576
"vzxcvzxc","bhaimast@gmail.com",1742334262917
"JAI ankola","josbahu@gmail.com",1742335482030
